DataSet,psnr,ssim
Set5,26.312695551485326,0.7801608443260193
Set14,23.729147434216298,0.6868499293923378
BSD100,24.32028382635077,0.6671360459923744
Urban100,21.881369190969664,0.6505872678756713
SunHays80,No data,No data
